сравним ру;256820;
сравни ру;256817;
сравни ру осаго;62637;
сравним ру осаго;62637;
сравни ру онлайн;32789;
осаго онлайн сравни ру;30676;
сравни ру купить;26701;
сравни ру купить осаго;25781;
сравни ру онлайн купить;25065;
сравни ру осаго онлайн купить;24954;
сравни ру кредиты;13772;
сравни ру страховка;12820;
сравни ру официальный;12288;
сайт сравни ру;11349;
сайт сравним ру;11349;
сравни ру официальный сайт;10230;
сравни ру полис;8874;
сравни ру полис осаго;8072;
сравни ру автомобили;6388;
купить полис сравни ру;6246;
сравни ру онлайн полис;6215;
сравни ру осаго онлайн полис;6196;
сравни ру ипотека;5027;
сравни ру страхование;5002;
сравни ру вклады;4588;
сравни ру кредитный;3669;
банк сравни ру;3437;
сравни банки ру;3437;
сравним банки ру;3437;
сравни ру машина;3333;
сравни ру страховка автомобиля;3037;
сравни ру отзывы;2865;
сравним ру отзывы;2865;
розыгрыш сравни ру;2855;
сравни ру рассчитать;2772;
сравни ру осаго автомобиль;2505;
сравни ру осаго +на машину;2453;
сравни ру страховка осаго;2376;
сравни ру физических лиц;2272;
сравни ру карты;2266;
сравни ру калькулятор;2248;
сравни ру рассчитать осаго;2244;
сравни ру займы;2210;
рейтинг сравни ру;2165;
сравни ру бесплатно;2115;
сравни ру наличными;1992;
сравни ру кредиты наличными;1962;
сравни ру вклады физических;1816;
сравни ру кредитный рейтинг;1787;
сравни ру страховка +на машину;1713;
сравни ру вклады физических лиц;1690;
купить полис осаго +на сравни ру;1519;
сравни ру каско;1496;
сравни ру жизнь;1473;
рассчитать осаго сравни ру +на машину;1456;
сравни ру стоимость;1403;
купить полис осаго +на сравни ру онлайн;1377;
сравни ру купить автомобиль;1333;
сравни ру страхование ипотеки;1330;
сравни ру курсы;1324;
сравни ру страховка ипотеки;1291;
сравни ру страховка осаго +на машину;1283;
полис +на автомобиль сравни ру осаго онлайн;1279;
сравни ру стоимость осаго;1262;
сравни ру осаго купить полис +на автомобиль;1255;
сравни цену ру;1201;
сравним цены ру;1201;
сравни ру история;1149;
осаго рассчитать стоимость сравни ру;1133;
сравни ру вклады сегодня;1112;
сравни ру узнать;1105;
сравни ру официальный осаго;1101;
рассчитать страховку сравни ру;1097;
сравни ру кредитная история;1088;
осаго сравни ру +на машину рассчитать стоимость;1080;
номер сравни ру;1031;
сравни ру осаго калькулятор;1016;
сравни ру вклады физических лиц +на сегодня;1010;
промокод сравни ру;1006;
сравни ру доллар;995;
сравни ру автокредит;986;
сайт сравни ру осаго;968;
страховка осаго рассчитать сравни ру;934;
сравни ру телефон;929;
сравни ру осаго 2024;905;
сравни ру кредиты +на карту;885;
сравни учи ру;867;
сравни ру страхование осаго;866;
сравни ру оформить;863;
страховка +на машину рассчитать сравни ру;851;
сравни ру розыгрыш автомобиля;846;
сравни ру кредиты онлайн;834;
сравни ру страховка +на машину год;826;
сравни ру купить автомобиль легковой;816;
осаго сравни ру +на машину год;810;
сравни ру осаго страховка +на год;802;
сравни ру заявка;797;
банки ру сравнить кредиты банков;795;
сравни ру банки кредиты;795;
сравни ру страхование жизни;793;
рассчитать осаго онлайн сравни ру;787;
сравни ру валюта;779;
сравни ру осаго официальный сайт;774;
сравни ру осаго онлайн бесплатно;771;
сравни ру проценты;764;
сравнить ру осаго цены;764;
сравни ру осаго отзывы;757;
сравни ру квартиры;756;
сравни ру автострахование;718;
сравним ру автострахование;718;
сравни ру аптеки;700;
скачать сравни ру;691;
сравни ру узнать кредитный рейтинг;689;
справки сравни ру;686;
сравни ру страховая;677;
сравни ру без справок;673;
сравни ру рефинансирование;670;
сравни ру кредит без справки;668;
сайт кредитов сравни ру;665;
сравни ру курс доллара;665;
сравни ру осаго рассчитать бесплатно;663;
сравни ру осаго онлайн рассчитать бесплатно;660;
сравни ру официальный кредит;652;
стоимость страховки сравни ру;633;
сравни точка ру;604;
сравним точка ру;604;
сравни ру +по номеру автомобиля;597;
банки ру сравнить вклады;596;
сравни ру осаго +по номеру автомобиля;594;
сравни ру официальный сайт кредит;593;
сравни ру страховка жизни;592;
осаго через сравни ру;590;
сравни ру рассчитать стоимость страховки;586;
сравни ру страховка автомобиля осаго;579;
страховка машины стоимость сравни ру;575;
сравни ру кабинет;572;
сравни ру личный;563;
осаго рассчитать стоимость сравни ру страховка;561;
сравни ру ипотечный;559;
страховка онлайн сравни ру;550;
сравни ру +на карту онлайн;547;
калькулятор онлайн сравни ру;545;
сравнить авто +на авто ру;543;
сравни ру кредиты калькулятор;537;
сравни ру потребительский;537;
приложение сравни ру;536;
сравни ру розыгрыш призов;536;
сравни ру займы +на карту;534;
сравни ру потребительский кредит;533;
сравни ру личный кабинет;527;
сравни ру полисы осаго +по номеру;521;
сравни ру кредитный рейтинг бесплатно;519;
сравни ру проверить;515;
сравни ру страховка авто;512;
сравни ру горячая;508;
сравни ру заявка онлайн;508;
москва сравни ру;507;
сравни ру оформить осаго;507;
сравни ру вклады +с высоким;500;
сравни ру кредиты онлайн заявка;493;
сравни ру мотоцикл;492;
сравни ру счета;491;
сравни ру микрозаем;487;
сравни ру микрозаймы;487;
сравни ру вклады физических лиц +с высоким;476;
сравни ру горячая линия;472;
сравни ру клещ;469;
сравни ру недвижимость;458;
сравни ру ипотека +и жизнь;453;
сравни ру официальный страхование;451;
сравни ру кредиты наличными онлайн;447;
сравни ру узнать +свой рейтинг;447;
кредитная карта сравни ру;441;
сравни ру вклады +с высоким процентом;441;
застраховать сравни ру;440;
сравни ру калькулятор страховки;435;
сравни ру ипотечное страхование;434;
сравни ру страхование автомобиля;426;
сравни ру кредиты +на карту без справок;420;
сравни ру официальный осаго страхование;415;
сравни ру удалить;399;
сравни ру сбербанк;392;
сравни ру страховка квартиры;392;
сравни ру автострахование каско;390;
сравни ру регистрация;389;
сравни ру осаго 2024 страховка;386;
сравни ру узнать +свой кредитный;381;
сравни ру кредиты наличными заявка;376;
сравни ру дом;370;
сравни ру кредиты физических;367;
сравни ру страховка автомобиля калькулятор;366;
сравни ру накопительные счета;365;
сравни ру кредиты наличными онлайн заявка;363;
сравни ру ипотека вторичка;360;
компания сравни ру;359;
сравни ру взять кредит;355;
сравни ру кредиты физических лиц;353;
сравни ру проверить кредитную;352;
сравни ру телефон горячей;351;
сравни ру заявка +на кредит;343;
сравни ру вход;342;
сравни ру курсы валют;341;
сравни ру билеты;336;
сравни ру осаго +на месяц;333;
сравни ру официальный страховка;333;
сравни ру кредитная история бесплатно;332;
сравни ру осаго калькулятор 2024;327;
сравни ру официальный сайт страховка;327;
сравни ру осаго онлайн калькулятор;326;
сравни ру осаго 2024 +на машину рассчитать;325;
сравни ру страхование недвижимости;325;
страховка осаго онлайн сравни ру;325;
страхование автомобиля сравни ру осаго;322;
сравни ру телефон горячей линии;321;
сравни ру ставки;314;
сравни ру страховка +от клещей;308;
сравни выбери ру;307;
сравни числа учи ру;303;
страховка осаго калькулятор сравни ру;303;
сравни ру где;300;
сравни ру обмен;297;
сравни ру страховой полис;297;
сравни ру кредиты рефинансирование;294;
сравни ру путешественника;289;
розыгрыш осаго сравни ру;288;
сравни ру 1;287;
скачать приложение сравни ру;284;
сравни ру жизнь +и здоровье;284;
сравни ру займы онлайн;283;
сравни ру страховка ипотеки квартиры;283;
сравни ру кредиты +на карту онлайн;281;
сравни ру отели;281;
сравни ру осаго +на машину онлайн;280;
сравни ру покупки;280;
сравни ру страхование авто;279;
сравни ру страховые осаго;279;
полис через сравни ру;276;
промокод сравни ру страхование;276;
сравни ру кредит наличными без справок;276;
скачать бесплатно сравнить ру;272;
сравни банки ру официальный;272;
сравни ру официальный банк;272;
сравни ру розыгрыш призов 2024;269;
сравни ру без регистрации;267;
сравни ру страховка автомобиля осаго калькулятор;266;
сравни ру автомобили цены;265;
сравни ру акции;264;
сравни ру мошенники;260;
сравни ру авиабилеты;258;
сравни ру страховка спортивная;258;
сравни ру займ +на карту онлайн;256;
сравни ру ипотека сбербанк;256;
страховая компания сравни ру;247;
сравни ру страхование жизни +для ипотеки;243;
сравни учи ру ответы;239;
страховка +на машину онлайн сравни ру;237;
сравни ру обмен валюты;236;
сделать страховку сравни ру;235;
сравни ру альфа;233;
рассчитать страховку онлайн сравни ру;232;
сравни ру хорошие сравни ру;229;
сравни дроби учи ру;228;
сайт банк сравни ру;227;
сайт сравни ру банки;227;
сравни ру продлить;227;
кредитный рейтинг онлайн сравни ру;226;
сравни ру розыгрыш автомобиля 2024;222;
сравни ру лабс;221;
страховка через сравни ру;220;
сравни ру +на 3 месяца;219;
сравни ру осаго регистрация;219;
сравни ру кредиты рассчитать;218;
сравни ру вклады рубли;213;
маркетплейс сравни ру;211;
сравни ру страховка путешественника;211;
сравни ру вклады 2024;210;
сравни ру каско онлайн;207;
сравни ру промокод +на страховку;207;
сравни ру тинькофф;207;
сравни ру самолет;206;
банки ру сравнить вклады +в банках;205;
сравни ру вклады +в банках;205;
страховка осаго онлайн рассчитать сравни ру;204;
страхование автомобиля сравни ру официальный;203;
бесплатный телефон сравни ру;202;
сравни ру банки отзывы;201;
сравни ру официальный осаго страхование автомобиля;200;
сравни ру страховой полис осаго;198;
курс доллара +на сегодня сравни ру;197;
сравни ру альфа банк;197;
сравни ру билеты +на самолет;196;
сравни ру отзывы +о сайте;196;
номер телефона сравни ру;195;
сравни ру кредитный рейтинг бесплатно онлайн;194;
банки сравни ру вклады +на сегодня;193;
оформить полис сравни ру;193;
сравни ру +на полгода;190;
сравни ру проверка;190;
сравни ру банки вклады физических;188;
сравни ру +для агентов;185;
сравни ру рефинансирование ипотеки;185;
сравни ру трактор;184;
сравни ру жилье;183;
сравни ру страховка автомобиля калькулятор 2024;183;
сайт сравни ру кредиты официальный физическим;182;
сайт сравни ру страхование;182;
сравни ру официальный кредиты физическим;182;
сайт сравни ру кредиты физическим лицам;181;
сравни ру оплата;181;
сравни ру официальный кредиты физическим лицам;181;
сравни ру официальный сайт кредиты физическим лицам;181;
сравни ру страховка ребенка;181;
сайт сравни ру осаго официальный страховой;180;
сравни ру войти;179;
ооо сравни ру;177;
сравни ру заявка +на карту;177;
сравни ру осаго онлайн калькулятор 2024;176;
сравни ру осаго +на мотоцикл;174;
сравни ру полис осаго официально;173;
сравни ру страхование квартиры;173;
сравни ру страховка +за границей;173;
сравни ру кредиты наличными калькулятор;172;
сравни ру продлить осаго;171;
сравни ру банки вклады физических лиц;170;
сравни ру добавить водителя;169;
сравни ру официальный сайт страховой полис;169;
сравни ру страхование здоровья;169;
полис осаго сравнить цены сравни ру;168;
полис осаго через сравни ру;168;
сравни ру кредиты +в банках;168;
сравни ру проверить рейтинг;167;
кредитный калькулятор сравни ру;166;
онлайн страховка автомобиля сравни ру;166;
сравни банки ру официальный сайт;166;
сравни ру официальный сайт банков;166;
сравни ру расчет;166;
сравни ру кредиты без паспорта;165;
сравни ру вклады физических лиц 2024;164;
сравни ру купить доллары;164;
сравни ру официальный осаго страховой полис;163;
сравни ру проверить кредитный рейтинг;163;
сравни ру челябинск;163;
авто ру сравнить автомобили;162;
сравни ру осаго +на 3 месяца;162;
сравни ру официальный сайт осаго страховой полис;162;
сравни ру спб;162;
сравни ру безопасно;161;
сравни ру екатеринбург;161;
сравни ру оплатить;161;
сравни ру отзывы клиентов;159;
сравни ру официальный кредит наличными;157;
сравни ру сбербанк страхование;157;
страхование жизни +и здоровья сравни ру;157;
сравни ру бесплатно проверить;156;
сравни ру осаго 2024 страховка автомобиля;156;
сервис сравни ру;155;
сравни ру заявка +на кредит карту;155;
найти сравни ру;154;
сравни ру нижний;154;
сравни ру мфо;153;
сравни ру официальный сайт страхование;152;
оформить страховку +на сравни ру;151;
сравни ру госуслуги;150;
осаго +на авто сравни ру;149;
сравни ру оформление осаго;149;
сравни ру узнать +свой рейтинг бесплатно;149;
сравни ру страхование ипотеки сбербанка;147;
сравни ру ип;146;
сравни ру новосибирск;146;
сравни ру санкт петербург;146;
розыгрыш +на сравни ру 2024;144;
сравни ру бесплатно проверить кредитный;144;
сравни ру страховка квартиры +и жизни;144;
деньги сравни ру;143;
сравни ру кредитный рейтинг узнать +свой бесплатно;143;
сравни ру поддержка;143;
сравни ру скачать приложение бесплатно;143;
сравни ру страховка осаго калькулятор 2024;143;
рассчитать кредит калькулятор сравни ру;141;
сайт сравни ру кредит наличными сравни;141;
сравни ру каско калькулятор;141;
сравни ру продлить полис;141;
сравни ру страхование онлайн;141;
сравни ру страховка ипотеки квартиры +и жизни;141;
сравни ру евро;140;
официальный сайт сравни ру кредиты наличными;139;
сравни ру 2023;139;
сравни ру кредиты автокредиты;138;
сравни ру официальный вклады;138;
сравни ру страховка автомобиля осаго калькулятор 2024;138;
осаго через сравни ру отзывы;137;
сравни ру интернет;137;
финансовый маркетплейс сравни ру;137;
калькулятор ипотеки сравни ру;136;
сравни ру втб;136;
сравни ру осаго онлайн цена;136;
безопасен ли сравни ру;135;
сравни ру нижний новгород;135;
осаго онлайн купить сравни ру цены;134;
